{"train score": 54.34189222833275, "test score": 43.76262807350808}